<?xml version="1.0" encoding="UTF-8"?>
<!DOCTYPE mapper PUBLIC "-//mybatis.org//DTD Mapper 3.0//EN" "http://mybatis.org/dtd/mybatis-3-mapper.dtd">

<mapper namespace="com.dao.HuishouyuyueDao">

	<!-- 可根据自己的需求，是否要使用 -->
    <resultMap type="com.entity.HuishouyuyueEntity" id="huishouyuyueMap">
        <result property="huishoubianhao" column="huishoubianhao"/>
        <result property="yifumingcheng" column="yifumingcheng"/>
        <result property="yifutupian" column="yifutupian"/>
        <result property="yifushuliang" column="yifushuliang"/>
        <result property="huishoujiage" column="huishoujiage"/>
        <result property="zengsongjifen" column="zengsongjifen"/>
        <result property="yuyueshijian" column="yuyueshijian"/>
        <result property="yonghuzhanghao" column="yonghuzhanghao"/>
        <result property="yonghuxingming" column="yonghuxingming"/>
        <result property="shouji" column="shouji"/>
        <result property="dizhi" column="dizhi"/>
        <result property="yifuxiangqing" column="yifuxiangqing"/>
        <result property="beizhu" column="beizhu"/>
        <result property="huishouzhuangtai" column="huishouzhuangtai"/>
        <result property="sfsh" column="sfsh"/>
        <result property="shhf" column="shhf"/>
    </resultMap>

	<select id="selectListVO"
		resultType="com.entity.vo.HuishouyuyueVO" >
		SELECT * FROM huishouyuyue  huishouyuyue         
        <where> 1=1 ${ew.sqlSegment}</where>
	</select>
	
	<select id="selectVO"
		resultType="com.entity.vo.HuishouyuyueVO" >
		SELECT  huishouyuyue.* FROM huishouyuyue  huishouyuyue 	
 		<where> 1=1 ${ew.sqlSegment}</where>
	</select>

    <select id="selectListView"
		resultType="com.entity.view.HuishouyuyueView" >

		SELECT  huishouyuyue.* FROM huishouyuyue  huishouyuyue 	        
        <where> 1=1 ${ew.sqlSegment}</where>
	</select>
	
	<select id="selectView"
		resultType="com.entity.view.HuishouyuyueView" >
		SELECT * FROM huishouyuyue  huishouyuyue <where> 1=1 ${ew.sqlSegment}</where>
	</select>
	

</mapper>
