<?xml version="1.0" encoding="UTF-8"?>
<!DOCTYPE mapper PUBLIC "-//mybatis.org//DTD Mapper 3.0//EN" "http://mybatis.org/dtd/mybatis-3-mapper.dtd">

<mapper namespace="com.dao.HuishoudingdanDao">

	<!-- 可根据自己的需求，是否要使用 -->
    <resultMap type="com.entity.HuishoudingdanEntity" id="huishoudingdanMap">
        <result property="huishoubianhao" column="huishoubianhao"/>
        <result property="yifumingcheng" column="yifumingcheng"/>
        <result property="huishoushuliang" column="huishoushuliang"/>
        <result property="huishouzhuangtai" column="huishouzhuangtai"/>
        <result property="yonghuzhanghao" column="yonghuzhanghao"/>
        <result property="yonghuxingming" column="yonghuxingming"/>
        <result property="ispay" column="ispay"/>
    </resultMap>

	<select id="selectListVO"
		resultType="com.entity.vo.HuishoudingdanVO" >
		SELECT * FROM huishoudingdan  huishoudingdan         
        <where> 1=1 ${ew.sqlSegment}</where>
	</select>
	
	<select id="selectVO"
		resultType="com.entity.vo.HuishoudingdanVO" >
		SELECT  huishoudingdan.* FROM huishoudingdan  huishoudingdan 	
 		<where> 1=1 ${ew.sqlSegment}</where>
	</select>

    <select id="selectListView"
		resultType="com.entity.view.HuishoudingdanView" >

		SELECT  huishoudingdan.* FROM huishoudingdan  huishoudingdan 	        
        <where> 1=1 ${ew.sqlSegment}</where>
	</select>
	
	<select id="selectView"
		resultType="com.entity.view.HuishoudingdanView" >
		SELECT * FROM huishoudingdan  huishoudingdan <where> 1=1 ${ew.sqlSegment}</where>
	</select>
	

</mapper>
