<?xml version="1.0" encoding="UTF-8"?>
<!DOCTYPE mapper PUBLIC "-//mybatis.org//DTD Mapper 3.0//EN" "http://mybatis.org/dtd/mybatis-3-mapper.dtd">

<mapper namespace="com.dao.HuishourenyuanDao">

	<!-- 可根据自己的需求，是否要使用 -->
    <resultMap type="com.entity.HuishourenyuanEntity" id="huishourenyuanMap">
        <result property="huishougonghao" column="huishougonghao"/>
        <result property="mima" column="mima"/>
        <result property="yuangongxingming" column="yuangongxingming"/>
        <result property="xingbie" column="xingbie"/>
        <result property="lianxifangshi" column="lianxifangshi"/>
        <result property="shenfenzheng" column="shenfenzheng"/>
        <result property="jf" column="jf"/>
    </resultMap>

	<select id="selectListVO"
		resultType="com.entity.vo.HuishourenyuanVO" >
		SELECT * FROM huishourenyuan  huishourenyuan         
        <where> 1=1 ${ew.sqlSegment}</where>
	</select>
	
	<select id="selectVO"
		resultType="com.entity.vo.HuishourenyuanVO" >
		SELECT  huishourenyuan.* FROM huishourenyuan  huishourenyuan 	
 		<where> 1=1 ${ew.sqlSegment}</where>
	</select>

    <select id="selectListView"
		resultType="com.entity.view.HuishourenyuanView" >

		SELECT  huishourenyuan.* FROM huishourenyuan  huishourenyuan 	        
        <where> 1=1 ${ew.sqlSegment}</where>
	</select>
	
	<select id="selectView"
		resultType="com.entity.view.HuishourenyuanView" >
		SELECT * FROM huishourenyuan  huishourenyuan <where> 1=1 ${ew.sqlSegment}</where>
	</select>
	

</mapper>
